current_time,request_id,agent_type,speak_duration,asr_duration,tts_req_duration,total_duration,llm_generation_time,speech_generation_time,llm_client_name
1724041219,361203,Agent1,1.906079,0.08579874,1.293343,1.464624,554.122,720.911,llamafile_llama3
1724041233,675985,Agent1,1.977222,0.08333015,1.226555,1.324371,473.304,743.718,llamafile_llama3
1724041249,887845,Agent1,2.379333,0.08490753,1.683666,1.782688,855.41,817.544,llamafile_llama3
1724041272,229870,Agent1,1.645161,0.08261871,1.210289,1.306824,500.695,706.396,llamafile_llama3
1724041285,197177,Agent1,1.517609,0.08409882,1.392662,1.491135,578.015,797.834,llamafile_llama3
1724041362,577734,Agent2,2.88353,0.08248901,1.419495,1.515976,450.268,957.537,llamafile_llama3
1724041377,29599,Agent2,2.242493,0.08424377,1.279572,1.378265,361.971,907.003,llamafile_llama3
1724041392,315377,Agent2,2.574951,0.08668518,1.305725,1.406342,366.288,926.412,llamafile_llama3
1724041409,735736,Agent2,4.705963,0.08467102,2.143448,2.242905,769.112,1363.223,llamafile_llama3
1724041455,158470,Agent3,1.225891,0.09829712,0.9985504,1.110458,319.162,667.719,llamafile_llama3
1724041472,797347,Agent3,4.036148,0.1132813,0.8931885,1.021576,227.085,646.348,llamafile_llama3
1724041486,606375,Agent3,2.602386,0.08538818,0.946228,1.044128,287.014,648.899,llamafile_llama3
1724041500,531962,Agent3,3.285675,0.08300781,1.126923,1.225647,444.545,669.739,llamafile_llama3
1724041521,515830,Agent3,3.21701,0.09613037,0.9315491,1.041748,272.034,652.555,llamafile_llama3
1724041534,867088,Agent3,1.865997,0.09970093,1.013641,1.12738,352.842,651.673,llamafile_llama3
1724041893,73721,Agent1,1.628733,0.09880733,0.9040813,1.017157,255.89,643.602,llamafile_llama3
1724041916,882392,Agent1,1.685108,0.09633255,1.046129,1.155077,385.211,656.849,llamafile_llama3
1724041932,956843,Agent1,2.212383,0.08412552,1.098137,1.196526,400.194,684.241,llamafile_llama3
1724041950,219559,Agent1,2.979477,0.08276367,1.378654,1.475815,603.818,768.495,llamafile_llama3
1724041979,784516,Agent1,1.517143,0.0850296,1.125862,1.225624,409.749,702.035,llamafile_llama3
1724042183,243310,Agent1,1.352516,0.08255959,1.015525,1.112612,299.031,706.234,llamafile_llama3
1724042200,359890,Agent1,3.215445,0.08680534,1.235449,1.336845,472.153,751.398,llamafile_llama3
1724042223,854124,Agent1,6.014843,0.1114693,1.113625,1.239147,409.668,693.432,llamafile_llama3
1724042244,230450,Agent1,3.912315,0.08528137,1.361443,1.460968,570.923,781.621,llamafile_llama3
1724042309,845888,Agent2,1.614288,0.08680725,0.9174805,1.01799,247.934,663.615,llamafile_llama3
1724042320,508271,Agent2,2.604233,0.08250427,1.309204,1.404373,581.527,716.437,llamafile_llama3
1724042341,738969,Agent2,2.060776,0.08285522,1.155869,1.253952,471.252,674.822,llamafile_llama3
1724042358,911524,Agent2,2.784332,0.08569336,1.306229,1.406433,566.796,729.226,llamafile_llama3
1724042379,664918,Agent2,2.840439,0.0847168,1.476013,1.573257,729.309,735.609,llamafile_llama3
1724042420,409101,Agent3,1.266983,0.08348083,1.393005,1.489029,381.612,999.125,llamafile_llama3
1724042432,354060,Agent3,1.363678,0.06887817,1.559692,1.642731,488.468,1062.755,llamafile_llama3
1724042447,886002,Agent3,1.406799,0.06958008,1.475647,1.559692,432.029,1035.491,llamafile_llama3
1724042461,826993,Agent3,1.655334,0.07171631,1.766205,1.853241,597.958,1151.955,llamafile_llama3
1724042478,221518,Agent3,1.320435,0.08343506,1.19928,1.29538,299.17,892.942,llamafile_llama3
1724042487,609914,Agent3,1.212097,0.08380127,1.518463,1.628082,548.989,955.523,llamafile_llama3
1724042534,763901,Agent1,1.155479,0.08461237,1.517466,1.616193,382.757,1121.831,llamafile_llama3
1724042547,311998,Agent1,1.4615,0.08462524,1.570782,1.669046,474.789,1092.406,llamafile_llama3
1724042564,891737,Agent1,2.868263,0.08886719,1.692665,1.795761,613.235,1067.413,llamafile_llama3
1724042581,724228,Agent1,1.322353,0.08404922,1.865784,1.963711,568.654,1287.483,llamafile_llama3
1724042598,914547,Agent1,1.79583,0.07272339,2.614876,2.701492,942.34,1661.636,llamafile_llama3
1724042645,277848,Agent2,1.225121,0.1000137,1.862732,1.976799,481.354,1377.304,llamafile_llama3
1724042663,536218,Agent2,1.531235,0.08422852,2.616867,2.716293,889.293,1717.865,llamafile_llama3
1724042689,877596,Agent2,2.088013,0.08460999,3.146713,3.245178,1192.169,1943.251,llamafile_llama3
1724042725,916354,Agent2,2.297913,0.09927368,2.963303,3.077393,966.882,1980.613,llamafile_llama3
1724042768,866990,Agent3,1.350113,0.08500671,1.460281,1.559814,626.511,827.95,llamafile_llama3
1724042794,918234,Agent3,1.392548,0.08865356,1.497864,1.600555,528.809,965.955,llamafile_llama3
1724042820,139935,Agent3,4.63562,0.1358948,2.118317,2.268311,1157.014,957.837,llamafile_llama3
1724042863,68665,Agent3,1.363678,0.09957886,2.044464,2.158783,1113.299,926.206,llamafile_llama3
1724042902,322323,Agent3,2.171631,0.08514404,1.947845,2.04715,948.475,992.646,llamafile_llama3
1724042936,643165,Agent3,1.308807,0.08312988,1.782471,1.879578,862.244,910.981,llamafile_llama3
1724045031,28469,Agent1,1.43792,0.09451675,0.9450836,1.053436,273.496,656.947,llamafile_llama3
1724045142,240280,Agent1,4.206541,0.09703636,1.001368,1.113779,313.087,672.965,llamafile_llama3
1724045259,618774,Agent1,1.281669,0.09678173,0.9602375,1.071237,271.923,676.977,llamafile_llama3
1724045267,358681,Agent1,1.170031,0.07177925,1.362581,1.449028,526.174,830.844,llamafile_llama3
1724045302,977163,Agent1,2.183895,0.1191902,1.84428,1.976501,956.038,884.418,llamafile_llama3
1724045327,700122,Agent1,1.408897,0.09583282,1.390778,1.501244,558.626,827.216,llamafile_llama3
1724045341,73768,Agent1,1.838005,0.06436157,1.504219,1.582657,748.197,743.836,llamafile_llama3
1724045435,766490,Agent2,1.212418,0.0880127,1.360886,1.474197,384.238,963.723,llamafile_llama3
1724045450,166335,Agent2,2.598816,0.07304382,1.179504,1.279709,314.323,858.377,llamafile_llama3
1724045462,787153,Agent2,1.952133,0.07322693,1.323395,1.420975,336.658,968.912,llamafile_llama3
1724045474,541506,Agent2,2.33255,0.08674622,1.168304,1.271225,298.395,852.157,llamafile_llama3
1724045490,359924,Agent2,5.864975,0.09353638,1.775665,1.89209,665.444,1099.429,llamafile_llama3
1724045527,542617,Agent3,1.132813,0.1434937,1.22229,1.395325,438.873,769.913,llamafile_llama3
1724045546,810565,Agent3,2.085449,0.1149597,1.168152,1.341003,468.397,690.71,llamafile_llama3
1724045566,557779,Agent3,1.775757,0.1109314,1.061493,1.229004,350.747,677.403,llamafile_llama3
1724045584,378387,Agent3,2.726471,0.1151123,1.192444,1.335938,429.59,736.202,llamafile_llama3
1724045601,552703,Agent3,1.592316,0.08944702,1.242432,1.36499,463.263,751.916,llamafile_llama3
1724047187,867445,Agent1,1.212352,0.0885067,1.05548,1.171609,279.642,747.044,llamafile_llama3
1724047195,696343,Agent1,1.83317,0.06952858,1.350733,1.438387,543.473,790.204,llamafile_llama3
1724047212,303134,Agent1,1.574574,0.07846069,2.147717,2.252556,1166.567,975.214,llamafile_llama3
1724047245,651793,Agent1,1.682838,0.08235168,1.360664,1.458122,565.919,777.492,llamafile_llama3
1724047259,759685,Agent1,1.224174,0.07923889,1.495552,1.599976,661.515,811.682,llamafile_llama3
1724047338,216538,Agent2,1.731369,0.08055115,1.562119,1.668732,392.289,1163.412,llamafile_llama3
1724047353,2691,Agent2,2.930145,0.08128357,1.060913,1.166336,322.444,723.112,llamafile_llama3
1724047367,892189,Agent2,2.996094,0.07984924,1.312683,1.415863,352.053,951.13,llamafile_llama3
1724047379,16772,Agent2,1.844925,0.08485413,1.1996,1.310989,355.377,819.205,llamafile_llama3
1724047391,501267,Agent2,1.952316,0.07806396,1.092667,1.192505,313.068,762.606,llamafile_llama3
1724047405,751163,Agent2,2.726837,0.08465576,1.781921,1.896851,648.888,1119.778,llamafile_llama3
1724047445,334123,Agent3,1.396057,0.1216431,1.216797,1.365723,396.238,810.25,llamafile_llama3
1724047463,22240,Agent3,2.536591,0.1100769,1.169037,1.332642,429.526,705.937,llamafile_llama3
1724047485,104900,Agent3,4.540344,0.08880615,1.115112,1.254272,383.128,714.957,llamafile_llama3
1724047503,843879,Agent3,4.590668,0.09017944,0.9693604,1.091339,272.509,679.862,llamafile_llama3
1724047516,343677,Agent3,1.589508,0.1065063,1.197845,1.332214,428.924,752.268,llamafile_llama3
1724048664,588366,Agent1,1.375704,0.32024,1.028105,1.37862,304.167,711.491,llamafile_llama3
1724048679,668313,Agent1,1.794659,0.196907,1.071461,1.290417,368.561,684.823,llamafile_llama3
1724048695,515292,Agent1,2.312706,0.1844749,1.114304,1.329285,400.527,683.344,llamafile_llama3
1724048715,214634,Agent1,4.911942,0.2383423,1.569611,1.827919,622.949,930.403,llamafile_llama3
1724048759,146049,Agent2,1.485191,0.1660843,0.9429932,1.141525,249.603,665.098,llamafile_llama3
1724048772,726440,Agent2,4.317741,0.1894684,1.324921,1.539093,562.171,745.353,llamafile_llama3
1724048792,41905,Agent2,1.922394,0.1670685,1.195404,1.394135,419.047,749.986,llamafile_llama3
1724048809,541435,Agent2,2.590591,0.1688232,1.417084,1.611481,647.248,746.436,llamafile_llama3
1724048832,736541,Agent2,2.144531,0.1677094,1.257614,1.448502,545.965,703.196,llamafile_llama3
1724048879,922447,Agent3,1.141357,0.1526794,1.460541,1.630463,426.331,1027.813,llamafile_llama3
1724048894,731495,Agent3,2.080215,0.1441345,2.064255,2.230988,743.401,1313.783,llamafile_llama3
1724048928,297243,Agent1,6.39151,0.2171021,1.613922,1.860443,701.657,895.819,llamafile_llama3
1724048952,954275,Agent1,2.874237,0.16745,1.474976,1.672668,606.198,845.546,llamafile_llama3
1724048982,357247,Agent3,1.869873,0.1730652,1.408875,1.605896,409.79,981.032,llamafile_llama3
1724048997,771694,Agent3,3.255646,0.1530457,1.353607,1.5271,440.135,894.541,llamafile_llama3
1724049010,615909,Agent3,1.423492,0.1263123,1.613068,1.769012,584.516,1003.029,llamafile_llama3
1724089106,948690,Agent1,1.44068,0.1926231,1.90283,2.179775,716.166,1163.15,llamafile_llama3
1724089120,409385,Agent1,1.339134,0.137989,1.445093,1.61264,398.2,1024.916,llamafile_llama3
1724089139,38412,Agent1,4.489105,0.1668167,1.191818,1.390064,331.678,842.043,llamafile_llama3
1724089149,193623,Agent1,1.60001,0.1459389,1.592129,1.763958,465.628,1109.471,llamafile_llama3
1724089190,27228,Agent2,1.299316,0.1552963,2.105186,2.289543,560.751,1532.344,llamafile_llama3
1724089206,314318,Agent2,1.174484,0.1417999,1.854378,2.01046,609.424,1234.591,llamafile_llama3
1724089226,558597,Agent2,2.17662,0.1641083,1.648422,1.834457,468.693,1152.92,llamafile_llama3
1724089242,764265,Agent2,2.616714,0.1518402,3.162689,3.342148,1249.061,1902.733,llamafile_llama3
1724089428,320800,Agent1,1.289358,0.1921864,1.985464,2.20702,474.608,1497.627,llamafile_llama3
1724089442,169755,Agent1,1.678555,0.1436653,1.386307,1.562672,380.154,980.481,llamafile_llama3
1724089455,859922,Agent1,2.066105,0.1376648,1.348324,1.515221,384.423,949.024,llamafile_llama3
1724089468,504904,Agent1,1.718422,0.143959,1.493439,1.662292,413.715,1052.932,llamafile_llama3
1724089481,541811,Agent1,1.704735,0.1815643,1.509972,1.720772,454.476,1044.251,llamafile_llama3
1724089494,670072,Agent1,1.869431,0.1362839,2.127815,2.291573,789.305,1335.125,llamafile_llama3
1724089550,54430,Agent1,33.8124,0.3316956,1.444748,1.800995,314.4,1110.698,llamafile_llama3
1724089589,542972,Agent1,13.21476,0.2495384,1.890772,2.168127,640.931,1234.053,llamafile_llama3
1724089682,646634,Agent1,1.057957,0.1559982,1.597015,1.783787,387.74,1180.97,llamafile_llama3
1724089698,930948,Agent1,1.054764,0.1307144,1.399452,1.555908,401.529,957.55,llamafile_llama3
1724089718,286315,Agent1,2.970451,0.1997757,3.859673,4.089539,453.576,3384.043,llamafile_llama3
1724089769,281234,Agent2,1.697327,0.1660309,2.395142,2.58902,517.615,1866.278,llamafile_llama3
1724089790,861147,Agent2,1.59108,0.1362762,2.731781,2.8927,784.184,1927.074,llamafile_llama3
1724089818,60256,Agent2,2.506546,0.1654816,3.901703,4.093613,1033.437,2856.615,llamafile_llama3
1724090044,981987,Agent2,2.52002,0.1817627,2.673157,2.869812,953.537,1708.472,llamafile_llama3
1724090080,152810,Agent2,1.380249,0.1388855,2.076904,2.230469,754.131,1314.908,llamafile_llama3
1724090121,803132,Agent3,1.506012,0.1530151,1.461761,1.640411,588.288,858.563,llamafile_llama3
1724090144,527064,Agent3,1.979858,0.1397705,1.30481,1.460114,500.82,790.398,llamafile_llama3
1724090166,152233,Agent3,1.506897,0.1426392,1.888428,2.046082,923.419,958.746,llamafile_llama3
1724090206,441252,Agent3,2.326172,0.1393433,2.896912,3.050415,1375.802,1506.92,llamafile_llama3
1724090254,374403,Agent3,1.687683,0.1535645,2.56427,2.730103,1461.337,1093.653,llamafile_llama3
1724090308,204894,Agent3,2.535095,0.1386108,2.088684,2.240479,1015.074,1063.699,llamafile_llama3
1724092217,818017,Agent1,0.9487915,0.1613159,1.119751,1.340454,297.027,765.651,llamafile_llama3
1724092373,158828,Agent1,1.904358,0.109375,1.249084,1.411316,496.439,722.082,llamafile_llama3
1724092441,945198,Agent1,0.7798462,0.08605957,1.011658,1.114319,281.895,712.542,llamafile_llama3
1724092472,166966,Agent1,1.324402,0.09442139,1.478394,1.58844,647.194,814.58,llamafile_llama3
1724093146,798919,Agent1,1.168974,0.08877373,0.9953728,1.113674,309.685,680.794,llamafile_llama3
1724093186,62134,Agent2,1.502525,0.09977341,1.289978,1.417973,357.406,928.61,llamafile_llama3
1724093204,67107,Agent3,1.560867,0.1199646,1.105827,1.255745,410.143,684.669,llamafile_llama3
1724093221,435955,Agent3,1.503914,0.1125031,1.059998,1.233696,333.507,716.026,llamafile_llama3
1724093630,111504,Agent1,0.8084736,0.1520672,1.223597,1.406538,437.195,771.527,llamafile_llama3
1724093840,804176,Agent1,1.030273,0.1674194,0.9761658,1.167694,258.708,685.329,llamafile_llama3
1724094149,475439,Agent3,0.9751587,0.1657104,1.484261,1.678421,429.493,1039.871,llamafile_llama3
1724094470,695409,Agent1,1.33428,0.1522217,1.066143,1.242865,335.295,726.653,llamafile_llama3
1724094501,911186,Agent1,1.461815,0.1428299,1.054562,1.210949,345.868,693.009,llamafile_llama3
1724094508,71098,Agent1,2.227551,0.1425323,1.174217,1.345184,371.636,787.835,llamafile_llama3
1724094521,461647,Agent2,2.609299,0.1379395,1.027084,1.191826,273.54,740.476,llamafile_llama3
1724094527,40996,Agent2,1.799156,0.1371613,1.181778,1.335861,448.192,714.648,llamafile_llama3
1724094540,405198,Agent2,1.837303,0.1255798,1.279968,1.424255,569.729,688.882,llamafile_llama3
1724094580,707181,Agent3,1.014557,0.1405945,1.360962,1.515884,362.526,992.85,llamafile_llama3
1724094592,303252,Agent3,3.841522,0.1639862,2.021912,2.212753,688.325,1313.108,llamafile_llama3
1724096130,697999,Agent1,3.907928,0.2187271,1.674751,1.920547,525.593,1120.058,llamafile_llama3
1724096171,264124,Agent1,3.444885,0.1661987,1.622971,1.816864,486.686,1109.164,llamafile_llama3
1724096245,283860,Agent1,3.368369,0.1965656,1.533273,1.760429,426.674,1100.085,llamafile_llama3
1724096483,523298,Agent2,1.124281,0.1647015,1.700623,1.878283,408.909,1279.481,llamafile_llama3
1724096519,731421,Agent3,1.238735,0.1255379,1.505676,1.64592,579.761,914.998,llamafile_llama3
1724099757,800189,Agent1,5.163857,0.09710312,1.112938,1.225136,356.168,739.754,llamafile_llama3
1724099777,867276,Agent1,9.628838,0.1083679,1.629494,1.752228,709.106,912.172,llamafile_llama3
1724099800,649623,Agent1,3.421326,0.09915161,1.781242,1.894409,846.876,923.584,llamafile_llama3
1724099825,541565,Agent1,2.322762,0.08585358,1.418343,1.519897,574.674,837.778,llamafile_llama3
1724099840,275356,Agent1,2.24205,0.07382202,1.345169,1.433151,598.861,742.837,llamafile_llama3
1724099858,799909,Agent1,1.824432,0.06828308,1.199234,1.280121,423.095,769.988,llamafile_llama3
1724100017,346266,Agent2,2.145782,0.09436035,1.393677,1.504486,395.645,985.108,llamafile_llama3
1724100034,902798,Agent2,2.771088,0.07241821,1.043091,1.130157,279.988,751.347,llamafile_llama3
1724100048,713014,Agent2,3.290314,0.1109314,1.873688,1.998901,451.227,1409.279,llamafile_llama3
1724100065,281007,Agent2,3.454926,0.08157349,1.125641,1.221375,275.528,838.619,llamafile_llama3
1724100078,741941,Agent2,2.793671,0.08303833,1.270325,1.367065,378.098,883.022,llamafile_llama3
1724100093,17078,Agent2,1.907715,0.07385254,1.793854,1.884186,662.452,1120.276,llamafile_llama3
1724100115,3319,Agent2,2.451355,0.08459473,1.222961,1.322144,387.792,818.212,llamafile_llama3
1724100207,821997,Agent3,1.699707,0.1223755,1.144836,1.293579,410.366,716.498,llamafile_llama3
1724100226,533868,Agent3,2.939026,0.1084595,1.003967,1.140381,304.426,682.625,llamafile_llama3
1724100243,582809,Agent3,3.244263,0.1088867,0.9901733,1.123474,341.791,632.446,llamafile_llama3
1724100259,30393,Agent3,2.033386,0.08587646,0.9699707,1.072693,263.14,688.469,llamafile_llama3
1724100277,589615,Agent3,4.107178,0.0836792,1.588318,1.697876,700.623,865.324,llamafile_llama3
1724100307,546553,Agent3,3.405884,0.1679688,1.044861,1.229187,279.88,745.452,llamafile_llama3
1724100536,706307,Agent2,2.395874,0.08905029,1.247437,1.351196,381.099,859.19,llamafile_llama3
1724100642,96070,Agent2,2.646606,0.08703613,1.613708,1.714661,516.848,1080.882,llamafile_llama3
1724100722,636909,Agent1,3.703873,0.1859093,1.066841,1.26759,308.461,743.262,llamafile_llama3
1724100741,511770,Agent1,4.80592,0.1525116,1.098564,1.263657,411.708,682.889,llamafile_llama3
1724100759,420638,Agent1,3.465614,0.155632,1.291382,1.461098,408.566,868.341,llamafile_llama3
1724100776,393766,Agent1,3.06089,0.1527252,1.379097,1.545166,615.197,754.383,llamafile_llama3
1724100799,47339,Agent1,1.837006,0.1245956,1.393715,1.535461,578.614,808.905,llamafile_llama3
1724100822,671701,Agent1,2.411301,0.1234894,1.225174,1.380493,474.918,743.391,llamafile_llama3
1724100959,138580,Agent2,6.682068,0.2238464,1.251007,1.488953,472.63,769.876,llamafile_llama3
1724100977,614305,Agent2,2.228333,0.1515198,1.339874,1.505127,536.416,794.399,llamafile_llama3
1724101001,472551,Agent2,5.252563,0.1846008,1.446869,1.644806,712.219,725.175,llamafile_llama3
1724101032,350930,Agent2,3.568237,0.1678772,1.711853,1.893494,820.606,885.477,llamafile_llama3
1724101060,152046,Agent2,2.614838,0.1375732,1.50177,1.652893,726.614,771.783,llamafile_llama3
1724101138,857008,Agent1,6.346283,0.1807861,1.797546,1.98999,865.409,921.012,llamafile_llama3
1724101169,177464,Agent1,1.715332,0.1277771,1.301971,1.446716,577.566,720.312,llamafile_llama3
1724101190,812316,Agent1,1.941101,0.1367493,1.378479,1.528717,647.248,727.935,llamafile_llama3
1724101253,657590,Agent3,3.592224,0.1535645,1.363037,1.530151,373.513,977.855,llamafile_llama3
1724101265,183651,Agent3,1.922607,0.1279297,1.514587,1.656067,482.431,1024.786,llamafile_llama3
1724101283,943147,Agent3,2.782166,0.1675415,1.67041,1.851624,558.544,1094.588,llamafile_llama3
1724101299,591435,Agent3,1.430603,0.1411133,1.478455,1.630798,451.93,1014.955,llamafile_llama3
1724101312,8403,Agent3,1.934326,0.1282959,1.680908,1.823059,558.383,1119.058,llamafile_llama3
1724101327,981103,Agent3,1.989075,0.1243896,1.575562,1.712952,517.985,1045.553,llamafile_llama3
1724101349,628472,Agent3,4.720581,0.1654053,1.677124,1.853516,596.668,1072.344,llamafile_llama3
1724101370,717315,Agent3,2.532043,0.1557617,1.640503,1.810608,542.402,1084.377,llamafile_llama3
1724101505,149058,Agent1,2.949078,0.2155743,1.142147,1.385887,420.574,692.946,llamafile_llama3
1724101518,875596,Agent1,1.700691,0.1287079,1.602325,1.758446,377.651,1206.127,llamafile_llama3
1724101533,820782,Agent1,2.717724,0.1523438,1.392395,1.5592,391.888,986.631,llamafile_llama3
1724101546,128563,Agent1,2.047371,0.1242752,1.336456,1.477608,392.317,933.396,llamafile_llama3
1724101558,284238,Agent1,1.74411,0.1153336,1.620102,1.749626,519.205,1089.453,llamafile_llama3
1724101577,530329,Agent1,2.977837,0.1658783,2.397774,2.594475,867.063,1503.379,llamafile_llama3
1724101714,341523,Agent2,3.215652,0.1807098,2.115646,2.310913,680.352,1422.21,llamafile_llama3
1724101737,481114,Agent2,2.909668,0.1526489,1.837921,2.004913,567.471,1262.056,llamafile_llama3
1724101757,775175,Agent2,2.604706,0.1512451,3.106049,3.271149,1125.283,1970.418,llamafile_llama3
1724101797,778381,Agent2,1.724884,0.1374207,5.875885,6.027557,1586.691,4281.626,llamafile_llama3
1724101844,468258,Agent2,2.949219,0.1530151,2.283691,2.451416,817.166,1460.315,llamafile_llama3
1724101947,518547,Agent3,3.385284,0.1672363,1.531189,1.713715,608.335,918.495,llamafile_llama3
1724101971,917860,Agent3,1.729523,0.1389771,1.517212,1.671112,579.462,919.976,llamafile_llama3
1724101995,961196,Agent3,3.146545,0.15448,2.197571,2.366455,1115.963,1067.958,llamafile_llama3
1724102052,485023,Agent3,14.11792,0.2078857,2.534607,2.756653,1456.807,1064.822,llamafile_llama3
1724102106,515122,Agent3,5.011963,0.1672363,2.561523,2.74408,1493.234,1065.086,llamafile_llama3
1724102158,100302,Agent3,3.327026,0.1675415,1.808411,1.99115,906.013,890.782,llamafile_llama3
1724102189,141511,Agent3,0.9862671,0.1233521,1.059387,1.197266,345.103,696.929,llamafile_llama3
1724168572,273958,Agent1,59.75605,0.20858,1.274185,1.593498,351.047,881.389,llamafile_llama3
1724168598,500775,Agent1,1.506897,0.1083755,1.057846,1.210579,379.101,654.255,llamafile_llama3
1724168625,651127,Agent1,1.27652,0.1450043,1.012939,1.21228,343.899,656.244,llamafile_llama3
1724168782,24164,Agent1,2.090358,0.09436035,1.194596,1.332901,303.548,843.573,llamafile_llama3
1724168793,323968,Agent1,1.819885,0.09145164,1.283083,1.418747,455.031,792.155,llamafile_llama3
1724169021,176752,Agent1,3.892424,0.1072235,1.019896,1.173344,311.181,692.18,llamafile_llama3
1724169839,260137,Agent1,375.2152,0.3364258,1.085052,1.437225,369.12,696.617,llamafile_llama3
1724169863,911730,Agent1,0.7833862,0.1559753,1.183777,1.355225,447.342,727.033,llamafile_llama3
1724170239,691350,Agent1,2.463913,0.07338428,1.186154,1.273927,315.181,861.47,llamafile_llama3
1724170273,928882,Agent1,1.80999,0.07955933,1.259701,1.354778,462.34,794.585,llamafile_llama3
1724171310,373840,Agent1,1.284373,0.07614708,1.320306,1.411414,297.137,1005.499,llamafile_llama3
1724171574,476047,Agent1,16.85814,0.1225204,0.9886322,1.127781,291.756,688.431,llamafile_llama3
1724171619,667944,Agent1,1.023195,0.1594267,1.015675,1.190096,308.058,701.477,llamafile_llama3
1724172905,523795,Agent1,1.573446,0.07744694,0.9954119,1.088789,286.867,682.494,llamafile_llama3
1724173025,172083,Agent1,1.120601,0.1508751,1.023555,1.189892,300.581,705.192,llamafile_llama3
1724173069,198068,Agent1,0.4037971,0.1539307,1.397243,1.566254,520.592,856.11,llamafile_llama3
1724173089,949327,Agent1,1.418808,0.110611,1.125793,1.286293,391.206,678.711,llamafile_llama3
1724173103,330863,Agent1,1.369423,0.1420288,1.316177,1.471527,365.677,945.29,llamafile_llama3
1724173134,396775,Agent1,1.489632,0.07167053,1.115814,1.200211,425.987,684.84,llamafile_llama3
1724173151,196808,Agent1,1.037308,0.1415253,1.208252,1.364624,476.607,720.487,llamafile_llama3
1724173165,789684,Agent1,1.069519,0.1427612,1.374222,1.531677,578.348,790.891,llamafile_llama3
1724173244,212460,Agent1,1.410049,0.06785583,1.22197,1.303207,507.823,705.402,llamafile_llama3
1724173472,329313,Agent1,1.404573,0.08733177,1.078986,1.180367,345.047,722.564,llamafile_llama3
1724173585,177800,Agent1,1.420623,0.1588478,0.92523,1.09922,263.844,657.164,llamafile_llama3
1724173660,730212,Agent1,0.5021133,0.1492844,1.302223,1.462639,523.253,769.161,llamafile_llama3
1724173707,480069,Agent1,0.4734802,0.1557922,1.128983,1.299408,389.511,733.374,llamafile_llama3
1724173796,716781,Agent1,0.9545956,0.1572399,1.013029,1.183239,240.552,764.888,llamafile_llama3
1724173861,910777,Agent1,1.076306,0.1600533,1.109648,1.283342,296.382,807.506,llamafile_llama3
1724173870,414206,Agent1,0.9805698,0.1328716,1.166262,1.311502,395.543,765.392,llamafile_llama3
1724173911,548090,Agent1,1.111832,0.1563187,1.046215,1.215034,343.662,696.347,llamafile_llama3
1724174014,845199,Agent1,1.370398,0.07726955,0.9613771,1.051698,259.544,695.119,llamafile_llama3
1724174169,752620,Agent1,1.109734,0.1565428,1.071833,1.241236,395.742,669.578,llamafile_llama3
1724174180,6279,Agent1,0.6841831,0.1533909,0.996624,1.161985,339.794,653.092,llamafile_llama3
1724174193,12818,Agent1,0.7058678,0.1407013,1.018501,1.171089,354.02,658.658,llamafile_llama3
1724174616,707255,Agent1,3.765169,0.1046829,1.163851,1.283401,282.541,865.959,llamafile_llama3
1724174629,556438,Agent1,0.8327961,0.1410618,1.274088,1.427757,455.621,808.799,llamafile_llama3
1724174687,581448,Agent1,0.4699707,0.1627884,1.09581,1.274605,391.772,694.398,llamafile_llama3
1724176173,182321,Agent1,1.832787,0.07368469,0.9811039,1.068135,289.494,679.229,llamafile_llama3
1724176183,262929,Agent1,0.8864231,0.1379719,1.100721,1.252569,384.062,710.997,llamafile_llama3
1724176286,949651,Agent1,2.152911,0.08056641,0.9603605,1.053703,291.612,653.706,llamafile_llama3
1724176296,459102,Agent1,4.765377,0.07765198,1.006939,1.097452,346.805,650.102,llamafile_llama3
1724176342,7510,Agent1,0.9371185,0.1547775,1.12355,1.290031,338.562,773.557,llamafile_llama3
1724176353,982584,Agent1,0.6033401,0.1554184,1.09581,1.264305,415.785,674.91,llamafile_llama3
1724176380,260368,Agent1,14.04639,0.09829712,1.376312,1.487122,438.728,933.27,llamafile_llama3
1724176423,716547,Agent1,0.9076996,0.1501923,1.065964,1.228638,373.855,682.343,llamafile_llama3
1724176592,169550,Agent1,16.55787,0.1073017,0.9764404,1.098341,304.713,666.06,llamafile_llama3
1724176607,305867,Agent1,0.6588326,0.1514931,0.9899483,1.154755,360.76,622.597,llamafile_llama3
1724176634,427225,Agent1,1.775673,0.0911026,1.113693,1.219101,431.587,670.976,llamafile_llama3
1724176653,463563,Agent1,4.356941,0.08615875,1.056923,1.157707,388.079,659.134,llamafile_llama3
1724176892,925308,Agent1,6.215219,0.1119757,0.9082613,1.033342,246.403,650.803,llamafile_llama3
1724177004,22648,Agent1,0.9495254,0.1618004,0.9636755,1.14051,297.598,660.621,llamafile_llama3
1724177027,885987,Agent1,0.6773052,0.1506023,1.096704,1.266872,409.087,680.878,llamafile_llama3
1724177044,52979,Agent1,1.361343,0.1446457,1.140781,1.298077,402.101,728.22,llamafile_llama3
1724177061,598668,Agent1,1.981285,0.06258392,1.250351,1.324707,385.242,861.418,llamafile_llama3
1724177144,212231,Agent1,1.340837,0.07371426,1.011751,1.098214,251.649,750.712,llamafile_llama3
1724177155,29588,Agent1,2.267565,0.0625,0.873642,0.9486046,249.979,614.498,llamafile_llama3
1724177332,655561,Agent1,0.9829254,0.1588287,1.081131,1.252243,351.968,719.8,llamafile_llama3
1724177861,462114,Agent1,1.296394,0.1498489,0.940033,1.105324,249.122,671.396,llamafile_llama3
1724177873,980873,Agent1,1.29937,0.144165,1.126358,1.284286,417.321,701.03,llamafile_llama3
1724178030,810652,Agent1,2.84024,0.08793926,0.9103498,1.013227,252.595,643.376,llamafile_llama3
1724178039,98281,Agent1,0.6271706,0.1399994,1.065107,1.217041,369.824,690.329,llamafile_llama3
1724178087,831252,Agent1,0.9143524,0.1545181,1.063477,1.22937,328.588,718.331,llamafile_llama3
1724178099,920992,Agent1,1.488823,0.05820465,1.207657,1.279991,420.469,778.101,llamafile_llama3
1724178150,722343,Agent1,3.309685,0.0738678,1.240967,1.327103,472.926,754.227,llamafile_llama3
1724178350,623989,Agent1,4.514687,0.09253788,1.064746,1.170348,287.711,761.143,llamafile_llama3
1724178449,112531,Agent1,0.8952179,0.1455078,1.059608,1.219269,327.097,722.909,llamafile_llama3
1724178624,97479,Agent1,1.223958,0.07743931,1.02471,1.120248,325.461,687.19,llamafile_llama3
1724178748,86086,Agent1,1.714792,0.08031368,0.88344,0.9796505,244.8,621.134,llamafile_llama3
1724178764,113692,Agent1,1.911097,0.0656147,1.120901,1.199625,394.094,715.852,llamafile_llama3
1724178802,329335,Agent1,1.296658,0.1502914,1.512314,1.675499,574.854,926.555,llamafile_llama3
1724178845,620794,Agent1,2.558365,0.08084869,2.16996,2.286926,1026.361,1131.833,llamafile_llama3
1724178992,126631,Agent1,0.9685678,0.1513443,1.00906,1.17282,319.067,677.381,llamafile_llama3
1724179006,502627,Agent1,3.368767,0.07098389,1.018742,1.103136,300.373,710.752,llamafile_llama3
1724179030,613177,Agent1,3.003845,0.07637787,1.346355,1.43755,359.073,970.085,llamafile_llama3
1724179204,942204,Agent1,1.409456,0.07940388,1.563917,1.659105,290.41,1260.753,llamafile_llama3
1724179524,186878,Agent1,1.010083,0.14782,0.9564476,1.117386,279.282,670.916,llamafile_llama3
1724179536,284896,Agent1,0.6224384,0.1432343,1.429499,1.58436,579.967,836.597,llamafile_llama3
1724179619,718797,Agent1,9.760085,0.09452057,1.032587,1.14027,248.032,777.565,llamafile_llama3
1724179636,646270,Agent1,5.330416,0.07350159,1.076038,1.161781,386.464,681.022,llamafile_llama3
1724179660,328822,Agent1,1.065701,0.1533928,1.024872,1.190044,334.827,684.321,llamafile_llama3
1724179766,444132,Agent1,2.151403,0.08887672,0.9503965,1.054123,289.673,645.68,llamafile_llama3
1724179782,5989,Agent1,1.101051,0.1509571,1.114578,1.277655,362.157,736.576,llamafile_llama3
1724179809,787790,Agent2,1.251789,0.08081818,1.603504,1.700699,403.173,1190.76,llamafile_llama3
1724179827,483549,Agent2,2.79892,0.08061218,1.679703,1.77552,511.815,1160.879,llamafile_llama3
1724179900,886254,Agent1,1.238636,0.08466339,1.044394,1.143077,336.063,702.82,llamafile_llama3
1724179917,984557,Agent1,1.125952,0.1496868,0.9609184,1.122339,315.184,632.288,llamafile_llama3
1724179927,190999,Agent1,0.7040062,0.1432838,0.9865417,1.141521,336.697,642.378,llamafile_llama3
1724180204,320029,Agent1,1.225742,0.08581829,1.098369,1.196934,342.673,748.91,llamafile_llama3
1724180217,975024,Agent1,1.905111,0.06023407,1.83835,1.909662,505.32,1323.238,llamafile_llama3
1724180234,225453,Agent1,0.7955971,0.1358681,1.398468,1.546555,608.563,782.056,llamafile_llama3
1724180254,558242,Agent1,0.8890381,0.1499672,1.932335,2.095428,1034.464,889.203,llamafile_llama3
1724180297,837808,Agent2,0.9571686,0.1549149,1.454758,1.623009,394.08,1047.416,llamafile_llama3
1724180327,763285,Agent2,0.717804,0.1433105,1.361816,1.524384,375.136,977.217,llamafile_llama3
1724180343,1715,Agent2,0.77034,0.1400604,1.519394,1.67836,386.789,1120.003,llamafile_llama3
1724180412,197907,Agent3,1.157433,0.1835957,0.9831285,1.186267,324.313,650.445,llamafile_llama3
1724180424,198630,Agent3,1.431318,0.06879616,1.09108,1.180883,413.857,668.443,llamafile_llama3
1724180527,433825,Agent2,1.519263,0.08614445,1.44793,1.557041,433.471,992.525,llamafile_llama3
1724180644,738817,Agent2,1.226761,0.09405327,1.349207,1.464749,398.315,938.566,llamafile_llama3
1724180663,147468,Agent2,6.076061,0.09371376,1.38052,1.500387,385.539,977.718,llamafile_llama3
1724180743,46828,Agent2,2.034104,0.07880497,1.088587,1.188586,367.48,701.617,llamafile_llama3
1724180759,569052,Agent2,3.358456,0.07918739,1.615538,1.716839,463.723,1131.575,llamafile_llama3
1724180775,633068,Agent2,1.913361,0.06570816,1.258327,1.344002,308.125,934.774,llamafile_llama3
1724180787,655868,Agent2,1.009998,0.1453247,1.174141,1.340389,336.374,819.03,llamafile_llama3
1724180798,63180,Agent2,0.6670761,0.1323547,1.134804,1.285278,324.764,795.76,llamafile_llama3
1724181107,780830,Agent2,3.112026,0.09429741,1.474621,1.58897,399.481,1058.154,llamafile_llama3
1724181120,410747,Agent2,0.47686,0.1506042,1.061165,1.23584,401.442,652.584,llamafile_llama3
1724181133,818541,Agent2,0.5793648,0.1327667,1.472271,1.62394,466.725,995.123,llamafile_llama3
1724181976,838011,Agent1,1.433473,0.157485,0.9588079,1.133799,279.871,662.713,llamafile_llama3
1724182683,452586,Agent1,1.300608,0.1576233,0.9480762,1.124058,258.157,671.676,llamafile_llama3
1724182693,951143,Agent1,1.356079,0.06869888,1.486477,1.572044,657.184,810.974,llamafile_llama3
1724182719,350163,Agent1,1.507751,0.1538506,1.389729,1.560921,535.283,846.029,llamafile_llama3
1724182755,997691,Agent1,2.078362,0.07198334,1.411919,1.50209,600.964,802.524,llamafile_llama3
1724182874,64173,Agent1,1.216166,0.1552591,0.947588,1.120094,258.895,671.371,llamafile_llama3
1724182887,123244,Agent1,1.810438,0.06872749,1.241089,1.328091,530.657,702.915,llamafile_llama3
1724182928,717765,Agent1,1.010786,0.1547804,0.929904,1.10149,274.918,636.419,llamafile_llama3
1724182944,65892,Agent1,2.425247,0.07312393,1.310421,1.400427,485.099,807.004,llamafile_llama3
1724183007,989917,Agent1,2.049583,0.2813439,1.16945,1.46563,384.866,771.497,llamafile_llama3
1724183020,318736,Agent1,1.324238,0.177536,1.625116,1.813221,491.832,1122.828,llamafile_llama3
1724183108,858495,Agent1,1.084721,0.160408,1.144341,1.316874,302.964,835.146,llamafile_llama3
1724183120,150206,Agent1,3.821074,0.2032413,1.014851,1.228548,344.771,657.295,llamafile_llama3
1724183168,457461,Agent1,0.9271665,0.08886719,1.230831,1.335102,420.194,802.242,llamafile_llama3
1724183181,551669,Agent2,1.265163,0.07332993,1.625084,1.705378,438.412,1183.03,llamafile_llama3
1724183467,269742,Agent1,1.003183,0.08588886,0.9713583,1.087208,264.397,693.76,llamafile_llama3
1724183475,531448,Agent1,2.203629,0.07860184,1.309753,1.415653,494.162,790.398,llamafile_llama3
1724183491,321513,Agent1,2.11792,0.1087685,1.72884,1.861988,852.228,857.102,llamafile_llama3
1724183518,699347,Agent1,0.9864349,0.08448029,1.394707,1.503544,614.385,753.581,llamafile_llama3
1724183544,738176,Agent2,1.057243,0.1121063,1.140694,1.281662,391.448,727.573,llamafile_llama3
1724183557,368564,Agent2,1.463409,0.08059692,1.252365,1.356796,374.839,848.597,llamafile_llama3
1724183571,866930,Agent3,1.451836,0.08712769,1.012299,1.133804,313.168,674.314,llamafile_llama3
1724183622,605155,Agent1,1.113509,0.1570382,0.9574208,1.129291,249.775,690.578,llamafile_llama3
1724183633,700351,Agent1,1.044102,0.1250076,0.9345436,1.07556,256.282,665.572,llamafile_llama3
1724183683,431590,Agent2,1.059471,0.1515427,0.9897003,1.156647,256.917,721.076,llamafile_llama3
1724183704,691469,Agent3,1.731056,0.16539,1.850357,2.030273,656.058,1184.341,llamafile_llama3
1724183733,52032,Agent1,1.062781,0.1615043,1.590224,1.78038,442.495,1134.47,llamafile_llama3
1724183758,349765,Agent2,1.05703,0.1544399,1.935858,2.10466,465.832,1463.461,llamafile_llama3
1724183775,295663,Agent3,3.010815,0.1669044,1.253994,1.449139,477.017,753.009,llamafile_llama3
1724183865,227587,Agent1,1.064299,0.1659889,2.216648,2.410921,412.943,1790.876,llamafile_llama3
1724197298,649641,Agent1,3.328877,0.3384924,1.35135,1.709151,390.011,945.081,llamafile_llama3
1724197453,963377,Agent1,1.485881,0.1996584,1.295513,1.513332,354.539,921.145,llamafile_llama3
1724197465,270705,Agent1,1.763706,0.1664486,1.232702,1.416676,356.089,865.38,llamafile_llama3
1724197543,661386,Agent1,1.043457,0.1543207,1.704846,1.878651,460.953,1235.186,llamafile_llama3
1724197557,717875,Agent1,1.574482,0.1485023,1.583431,1.748533,452.587,1114.024,llamafile_llama3
1724197588,627625,Agent1,1.778,0.1508255,1.678852,1.846062,504.491,1170.221,llamafile_llama3
1724197614,527265,Agent1,2.088905,0.1466522,1.683182,1.845947,476.097,1197.978,llamafile_llama3
1724197751,636530,Agent1,1.020855,0.1671062,1.211893,1.39605,297.509,897.499,llamafile_llama3
1724197766,846148,Agent1,1.650349,0.1282845,1.262091,1.406649,348.04,895.685,llamafile_llama3
1724197778,339863,Agent1,1.758223,0.1283722,1.889816,2.034168,641.112,1245.465,llamafile_llama3
1724197839,911355,Agent2,1.232719,0.1361542,1.665115,1.812943,438.122,1216.397,llamafile_llama3
1724198024,426478,Agent1,1.57463,1.223199,1.078052,2.314452,380.357,690.076,llamafile_llama3
1724198036,707098,Agent1,2.089499,0.1602707,1.587378,1.761171,483.835,1097.21,llamafile_llama3
1724198055,123927,Agent1,2.581467,0.1741257,1.342354,1.529514,397.851,939.959,llamafile_llama3
1724198067,53420,Agent1,1.665462,0.6948776,1.724163,2.431915,623.05,1084.514,llamafile_llama3
1724198084,377576,Agent1,2.151138,0.1288834,2.332199,2.473625,848.116,1474.185,llamafile_llama3
1724198138,292256,Agent2,2.324852,0.1458588,1.919716,2.077805,533.596,1373.079,llamafile_llama3
1724198156,984034,Agent2,1.518768,0.1267853,2.585297,2.723587,682.048,1894.497,llamafile_llama3
1724198180,627632,Agent2,2.12941,0.1445007,3.434998,3.590454,1208.551,2217.639,llamafile_llama3
1724198222,154466,Agent2,1.974472,0.1786957,2.787125,2.977264,902.221,1874.117,llamafile_llama3
1724198293,92944,Agent3,1.178986,0.1440735,2.569366,2.725525,683.264,1875.018,llamafile_llama3
1724198318,842301,Agent3,1.04245,0.1368713,1.211761,1.360718,472.608,728.094,llamafile_llama3
1724198338,495245,Agent3,1.363037,0.1373291,2.011932,2.162384,1024.559,980.764,llamafile_llama3
1724198378,233803,Agent3,1.537079,0.1445007,2.236084,2.394104,1185.708,1035.48,llamafile_llama3
1724198428,66148,Agent3,1.926208,0.1421204,2.47348,2.628967,1393.271,1071.356,llamafile_llama3
1724198478,692026,Agent3,1.506165,0.6910095,1.97583,2.679932,1038.593,924.102,llamafile_llama3
1724198550,788707,Agent1,0.9473925,0.1600866,1.624775,1.799746,455.792,1161.06,llamafile_llama3
1724198673,195351,Agent1,1.006149,0.1723378,1.169636,1.356509,449.03,706.611,llamafile_llama3
1724198700,86579,Agent1,8.338358,0.2533321,7.368988,7.638342,794.428,6551.946,llamafile_llama3
1724198724,394499,Agent1,0.9371529,0.1061325,2.870365,2.991535,1042.683,1814.647,llamafile_llama3
1724198760,275611,Agent1,0.9763184,0.2028961,2.124001,2.342934,784.002,1330.3,llamafile_llama3
1724199035,487196,Agent1,1.055131,0.1614642,0.9933619,1.166195,311.367,670.671,llamafile_llama3
1724199046,841353,Agent1,2.400526,0.1435642,1.181845,1.33647,319.21,851.746,llamafile_llama3
1724199102,559734,Agent1,0.9544885,0.139724,1.34375,1.495354,365.204,968.728,llamafile_llama3
1724199117,769060,Agent1,1.873713,0.1167145,1.217379,1.345501,353.432,853.279,llamafile_llama3
1724199165,245595,Agent1,0.8865776,0.1356463,1.097603,1.246783,361.2,721.771,llamafile_llama3
1724199180,862665,Agent1,2.042547,0.1195927,1.683941,1.813885,527.863,1150.998,llamafile_llama3
1724200402,549129,Agent1,1.035063,0.07588291,1.348417,1.432144,301.64,1041.433,llamafile_llama3
1724215061,298756,Agent1,1.253529,0.08361816,1.042969,1.210651,309.558,726.231,llamafile_llama3
1724215069,693702,Agent1,2.131603,0.08621216,1.570591,1.670666,704.753,856.299,llamafile_llama3
1724215094,297049,Agent1,2.061478,0.09694672,2.396034,2.507042,1326.997,1056.95,llamafile_llama3
1724215131,461738,Agent1,1.415466,0.08287811,1.785149,1.882317,860.426,919.184,llamafile_llama3
1724215351,388668,Agent1,1.044468,0.08578491,1.084179,1.184429,350.806,722.164,llamafile_llama3
1724215360,666874,Agent1,0.8214569,0.06977081,1.1138,1.197983,453.513,651.667,llamafile_llama3
1724215377,218304,Agent1,2.617657,0.08572769,2.071976,2.172058,1073.701,981.777,llamafile_llama3
1724215407,356477,Agent1,1.448166,0.06922913,1.3368,1.420441,535.176,795.638,llamafile_llama3
1724215421,664238,Agent1,1.489891,0.08288574,1.53241,1.629105,656.981,871.88,llamafile_llama3
1724217314,133884,Agent1,1.016045,0.09770966,1.127407,1.239819,262.733,853.086,llamafile_llama3
1724217320,99015,Agent1,1.2108,0.06932831,1.28083,1.364372,532.895,736.107,llamafile_llama3
1724217338,237372,Agent1,2.2276,0.1004562,1.723511,1.837761,878.556,841.198,llamafile_llama3
1724217362,761850,Agent1,1.546165,0.0968399,1.308289,1.41906,531.14,763.071,llamafile_llama3
1724217376,720656,Agent1,1.880463,0.09127045,1.467133,1.57267,672.635,782.812,llamafile_llama3
1724217448,781442,Agent2,1.560226,0.08692932,1.152847,1.253708,383.256,756.603,llamafile_llama3
1724217463,912757,Agent2,2.145615,0.07102966,1.40416,1.489197,307.005,1091.831,llamafile_llama3
1724217474,834584,Agent2,2.145935,0.07215881,1.149521,1.236038,349.931,786.721,llamafile_llama3
1724217487,278734,Agent2,2.895554,0.08761597,1.261566,1.363083,363.557,894.128,llamafile_llama3
1724217500,221413,Agent2,1.809967,0.07040405,1.126968,1.211578,301.683,812.233,llamafile_llama3
1724217514,935162,Agent2,3.966995,0.08488464,1.7668,1.865829,599.771,1159.886,llamafile_llama3
1724217554,681240,Agent3,1.535828,0.1392822,1.112854,1.27951,370.377,732.827,llamafile_llama3
1724217576,840059,Agent3,6.166138,0.1135559,1.057465,1.197571,319.295,728.033,llamafile_llama3
1724217591,299179,Agent3,2.355865,0.1096802,1.089935,1.228699,406.379,663.966,llamafile_llama3
1724217610,322985,Agent3,2.80072,0.09796143,0.9353943,1.058777,274.773,645.108,llamafile_llama3
1724217625,313191,Agent3,3.73111,0.1091309,1.060699,1.197388,368.505,686.579,llamafile_llama3
1724217643,299066,Agent3,1.53009,0.1105652,1.284302,1.421478,428.915,840.775,llamafile_llama3
1724218088,663967,Agent1,1.755295,0.08840275,1.290318,1.46193,549.728,729.814,llamafile_llama3
1724218102,588466,Agent1,2.198982,0.1120243,1.252663,1.377798,524.579,719.247,llamafile_llama3
1724218117,133067,Agent1,2.008629,0.06970978,1.700497,1.784077,687.952,1003.049,llamafile_llama3
1724218136,754704,Agent1,3.452343,0.09763718,1.82357,1.935284,896.257,917.501,llamafile_llama3
1724218160,713766,Agent1,2.11483,0.0867157,1.793365,1.89415,938.596,848.335,llamafile_llama3
1724218186,862275,Agent1,1.517677,0.0835495,2.338669,2.436035,1200.465,1128.92,llamafile_llama3
1724218216,815878,Agent1,1.32283,0.0849762,1.836487,1.93541,1019.829,801.406,llamafile_llama3
1724218283,621435,Agent2,1.36293,0.08383179,1.402161,1.500565,411.716,977.413,llamafile_llama3
1724218299,238657,Agent2,1.962769,0.06991577,1.545364,1.628845,348.156,1192.394,llamafile_llama3
1724218322,80704,Agent2,1.561829,0.08325195,1.447189,1.544983,406.442,1034.503,llamafile_llama3
1724218348,514373,Agent2,1.851532,0.08303833,1.323853,1.421051,393.067,921.699,llamafile_llama3
1724218363,941664,Agent2,2.88266,0.07409668,1.121765,1.209808,327.538,780.65,llamafile_llama3
1724218378,115652,Agent2,2.644226,0.08895874,1.080017,1.182312,301.131,775.096,llamafile_llama3
1724218391,842016,Agent2,2.963013,0.07644653,1.88562,1.976379,710.816,1159.517,llamafile_llama3
1724218415,784988,Agent2,3.025543,0.08358765,1.458221,1.558441,453.516,1000.955,llamafile_llama3
1724218456,892476,Agent3,1.588043,0.114624,1.164215,1.306549,389.365,757.53,llamafile_llama3
1724218484,579729,Agent3,3.755585,0.111969,1.238861,1.379791,441.796,786.563,llamafile_llama3
1724218509,452258,Agent3,9.384521,0.141571,1.341034,1.506531,587.056,719.746,llamafile_llama3
1724218531,254488,Agent3,1.725433,0.08361816,1.029541,1.168274,308.803,662.448,llamafile_llama3
1724218546,991694,Agent3,2.563446,0.08166504,1.312531,1.44455,489.613,792.327,llamafile_llama3
1724218569,775186,Agent3,3.286591,0.1144409,1.111725,1.280457,423.432,663.283,llamafile_llama3
1724218585,708051,Agent3,1.525848,0.111969,1.140198,1.280823,417.468,710.264,llamafile_llama3
1724218633,989024,Agent2,5.376221,0.1018677,1.833557,1.950439,629.621,1191.946,llamafile_llama3
1724218715,209261,Agent1,1.225628,0.1657591,1.059501,1.240811,294.682,758.795,llamafile_llama3
1724218728,720949,Agent1,1.281137,0.127533,1.071337,1.210876,367.78,688.704,llamafile_llama3
1724218781,503346,Agent1,2.214409,0.1402664,1.168068,1.322548,414.316,749.315,llamafile_llama3
1724218801,702401,Agent1,3.257553,0.1687012,1.265053,1.447662,500.92,754.24,llamafile_llama3
1724218821,381780,Agent1,1.281425,0.1520691,1.045265,1.210403,354.204,687.233,llamafile_llama3
1724218908,289486,Agent2,2.840683,0.1674957,0.986557,1.168579,298.456,683.019,llamafile_llama3
1724218921,33656,Agent2,3.118393,0.1526642,1.058548,1.225754,364.355,683.079,llamafile_llama3
1724218938,979840,Agent2,2.730225,0.1522369,1.098526,1.264633,421.771,671.378,llamafile_llama3
1724218954,678322,Agent2,1.948792,0.1386414,0.9625549,1.115356,334.941,617.896,llamafile_llama3
1724218968,200880,Agent2,1.895325,0.1216736,1.197357,1.333435,492.348,689.101,llamafile_llama3
1724218986,65572,Agent2,1.809235,0.1273193,1.736786,1.877991,761.311,959.193,llamafile_llama3
1724219088,323165,Agent1,4.887909,0.1698608,1.388824,1.573212,578.01,806.11,llamafile_llama3
1724219111,98859,Agent1,2.032227,0.1615601,1.411255,1.586914,639.586,768.564,llamafile_llama3
1724219166,712820,Agent3,18.37665,0.2083435,1.547089,1.768799,375.317,1162.864,llamafile_llama3
1724219177,196357,Agent3,1.532379,0.1393433,1.516724,1.670135,426.399,1075.996,llamafile_llama3
1724219190,677061,Agent3,1.14328,0.1397095,1.269012,1.422974,356.824,898.045,llamafile_llama3
1724219202,464193,Agent3,1.698303,0.141571,1.209686,1.365387,350.439,848.256,llamafile_llama3
1724219212,12422,Agent3,1.921661,0.1545105,1.414246,1.596436,420.552,987.741,llamafile_llama3
1724219247,845288,Agent3,2.645996,0.1393433,1.562988,1.715393,500.625,1055.222,llamafile_llama3
1724219260,523798,Agent3,1.768921,0.1273193,1.628174,1.769165,467.134,1146.26,llamafile_llama3
1724219279,194175,Agent3,1.561584,0.1514282,1.88031,2.045471,681.685,1186.707,llamafile_llama3
1724219306,245753,Agent3,1.029724,0.1394653,1.364502,1.518372,412.963,938.056,llamafile_llama3
1724219317,848951,Agent3,2.616272,0.1390991,1.281799,1.434998,362.423,903.727,llamafile_llama3
1724219336,34011,Agent3,2.854614,0.18396,2.87915,3.077026,486.165,2382.726,llamafile_llama3
1724219349,611498,Agent3,1.269165,0.1245728,1.365662,1.504333,481.39,877.858,llamafile_llama3
1724219363,298562,Agent3,3.14624,0.1546021,1.210449,1.377869,320.044,877.517,llamafile_llama3
1724219379,750678,Agent3,2.660522,0.1389771,1.744995,1.897766,506.609,1224.285,llamafile_llama3
1724219393,743840,Agent3,1.726929,0.1254272,1.475342,1.615051,513.151,955.151,llamafile_llama3
1724219520,210821,Agent1,4.154527,0.2052078,1.519401,1.738923,402.163,1112.236,llamafile_llama3
1724219548,488699,Agent1,1.28336,0.1696281,1.563221,1.760563,424.421,1116.499,llamafile_llama3
1724219561,201778,Agent1,2.626369,0.1406288,1.267567,1.422104,361.858,900.304,llamafile_llama3
1724219571,492035,Agent1,1.140854,0.1272659,1.683285,1.82312,583.889,1081.934,llamafile_llama3
1724219587,441181,Agent1,1.375549,0.1257858,2.390923,2.545135,769.49,1592.221,llamafile_llama3
1724219671,3983,Agent2,1.433304,0.156723,1.944962,2.115479,414.965,1518.516,llamafile_llama3
1724219687,659733,Agent2,1.81041,0.1406403,2.212234,2.366776,555.037,1652.024,llamafile_llama3
1724219705,617764,Agent2,1.698975,0.1432343,2.669998,2.827927,708.85,1948.274,llamafile_llama3
1724219729,250085,Agent2,2.380585,0.1546021,4.106049,4.274536,1284.509,2816.498,llamafile_llama3
1724219769,665038,Agent2,2.77005,0.1803589,1.90979,2.10376,579.427,1319.631,llamafile_llama3
1724219785,637276,Agent2,2.060394,0.1410217,2.460907,2.616211,745.765,1704.249,llamafile_llama3
1724219807,168652,Agent2,1.573792,0.1382751,1.421051,1.572693,451.771,961.73,llamafile_llama3
1724219840,628015,Agent3,1.141479,0.1386719,1.405731,1.559784,549.532,844.149,llamafile_llama3
1724219862,684655,Agent3,1.293335,0.1582336,1.485168,1.657074,620.549,858.885,llamafile_llama3
1724219891,386801,Agent3,2.687531,0.1664429,1.991425,2.171021,972.261,1015.416,llamafile_llama3
1724219928,793178,Agent3,1.419891,0.1530151,2.046356,2.213715,956.754,1079.637,llamafile_llama3
1724219963,117785,Agent3,1.155396,0.1410217,1.320496,1.475342,539.864,772.668,llamafile_llama3
1724219982,117364,Agent3,1.182617,0.1554871,2.614075,2.783508,1398.217,1201.03,llamafile_llama3
1724220034,837256,Agent3,1.531738,0.1397705,1.85083,2.005249,879.724,956.331,llamafile_llama3
1724220511,675168,Agent3,3.490238,0.1734619,1.434166,1.618017,554.289,872.746,llamafile_llama3
1724220585,773336,Agent3,3.187223,0.1906071,1.313225,1.51911,518.659,782.211,llamafile_llama3
1724220748,420749,Agent1,1.211041,0.2359056,1.029088,1.277126,314.75,708.463,llamafile_llama3
1724221387,698502,Agent1,1.114153,0.1658478,1.14328,1.323513,372.082,755.487,llamafile_llama3
1724265456,700515,Agent1,2.077929,0.08409023,1.822142,1.917102,596.98,1220.278,llamafile_llama3
1724265716,220337,Agent1,6.758429,0.08715057,1.049781,1.14486,376.097,668.75,llamafile_llama3
1724266956,557588,Agent1,1.990158,0.1041565,1.483215,1.601479,398.702,1079.611,llamafile_llama3
1724266978,423640,Agent1,2.199417,0.09002686,1.330322,1.43898,385.73,939.381,llamafile_llama3
1724271233,609858,Agent1,1.196907,0.1094666,1.059101,1.182442,267.243,782.361,llamafile_llama3
1724271240,585746,Agent1,2.186321,0.07297897,1.18018,1.268242,489.793,679.418,llamafile_llama3
1724271256,80614,Agent1,1.950943,0.08319855,1.82164,1.917416,790.793,1024.543,llamafile_llama3
1724271281,767705,Agent1,2.349525,0.09368134,1.298561,1.420151,493.064,796.637,llamafile_llama3
1724271295,998643,Agent1,2.660233,0.08809662,2.292404,2.394867,724.123,1560.073,llamafile_llama3
1724271314,998707,Agent1,2.131256,0.07426453,1.178391,1.266533,498.447,663.666,llamafile_llama3
1724271329,911532,Agent1,2.102661,0.08589172,1.083511,1.182831,385.983,685.383,llamafile_llama3
1724271475,210684,Agent2,1.406891,0.08908081,1.553406,1.65683,397.552,1143.335,llamafile_llama3
1724271491,640584,Agent2,1.79068,0.08343506,1.245636,1.343292,359.905,879.626,llamafile_llama3
1724271509,356695,Agent2,4.586365,0.1679688,1.563751,1.745605,487.508,1067.988,llamafile_llama3
1724271528,25377,Agent2,2.700745,0.0838623,1.504181,1.628845,415.034,1081.627,llamafile_llama3
1724271548,136744,Agent2,4.38562,0.1013489,1.917938,2.03299,612.554,1292.872,llamafile_llama3
1724271626,459417,Agent3,1.672974,0.1081848,1.281036,1.415039,510.836,757.029,llamafile_llama3
1724271651,898713,Agent3,6.647919,0.1016541,1.363861,1.481232,427.917,931.47,llamafile_llama3
1724271672,610228,Agent3,7.490906,0.144043,1.134247,1.305176,441.582,677.246,llamafile_llama3
1724271693,567179,Agent3,5.603668,0.08786011,1.127502,1.244568,402.57,704.202,llamafile_llama3
1724271709,231201,Agent3,2.476776,0.1100769,1.227417,1.388458,530.064,670.244,llamafile_llama3
1724271752,920912,Agent3,1.821106,0.0826416,1.365845,1.476563,589.761,746.912,llamafile_llama3
1724271772,306758,Agent3,1.449463,0.08282471,1.037231,1.143188,305.766,716.021,llamafile_llama3
1724272674,276454,Agent1,1.406134,0.1655407,0.9733715,1.153181,267.313,689.755,llamafile_llama3
1724272688,209146,Agent1,3.925571,0.1526527,1.124409,1.291023,395.533,724.948,llamafile_llama3
1724272705,415997,Agent1,3.071487,0.1480064,1.271526,1.433609,511.409,744.815,llamafile_llama3
1724272726,268056,Agent1,4.357475,0.1687088,1.110413,1.293243,353.098,747.236,llamafile_llama3
1724272744,775011,Agent1,6.836014,0.1945038,1.408516,1.617188,619.448,775.378,llamafile_llama3
1724272765,692463,Agent1,1.755486,0.1389847,1.127731,1.280548,411.049,705.668,llamafile_llama3
1724272782,121598,Agent1,1.04335,0.1399536,1.377441,1.531799,511.764,855.76,llamafile_llama3
1724272800,210810,Agent1,3.396393,0.1644287,1.186203,1.36496,458.822,720.628,llamafile_llama3
1724272896,290136,Agent2,2.825821,0.1684875,0.959137,1.141327,244.391,704.859,llamafile_llama3
1724272910,700593,Agent2,3.466797,0.1546936,1.320557,1.489197,594.823,722.448,llamafile_llama3
1724272937,800636,Agent2,5.082123,0.189209,1.15979,1.363098,487.284,669.534,llamafile_llama3
1724272959,277487,Agent2,2.700195,0.158844,1.372528,1.54599,592.842,770.47,llamafile_llama3
1724272980,231175,Agent2,0.5840454,0.1953735,1.169403,1.378937,482.079,677.231,llamafile_llama3
1724272999,323326,Agent2,3.062958,0.1568604,1.387238,1.558563,647.958,730.148,llamafile_llama3
1724273021,79316,Agent2,1.086609,0.2219849,1.167603,1.417236,379.783,782.659,llamafile_llama3
1724273070,604280,Agent1,2.353302,0.1477661,1.020935,1.182739,356.014,652.287,llamafile_llama3
1724273088,180527,Agent1,5.68103,0.1673889,2.101532,2.282654,1046.255,1045.122,llamafile_llama3
1724273117,194358,Agent1,1.684509,0.1532593,1.266022,1.43335,545.887,715.755,llamafile_llama3
1724273133,855163,Agent1,1.657257,0.1278381,1.138306,1.280884,398.92,724.682,llamafile_llama3
1724273156,473962,Agent3,1.352356,0.1508179,1.575714,1.740387,442.304,1116.666,llamafile_llama3
1724273173,560947,Agent3,3.677124,0.1671753,2.326233,2.507813,873.634,1438.99,llamafile_llama3
1724273202,391025,Agent3,4.81958,0.2150269,2.384216,2.613342,988.707,1382.443,llamafile_llama3
1724273227,752253,Agent3,1.421875,0.2215576,1.612366,1.848389,470.948,1126.182,llamafile_llama3
1724273244,211369,Agent3,4.002686,0.1962891,1.46283,1.673584,483.096,967.102,llamafile_llama3
1724273259,384960,Agent3,2.591003,0.1412964,1.547241,1.717407,549.904,977.198,llamafile_llama3
1724273275,91786,Agent3,3.529236,0.1681519,1.351013,1.532898,450.803,888.406,llamafile_llama3
1724273290,114858,Agent3,5.012207,0.1605835,1.754761,1.943298,640.731,1089.302,llamafile_llama3
1724273312,267617,Agent3,4.427246,0.1680908,1.612061,1.7948,612.06,983.595,llamafile_llama3
1724273577,768981,Agent1,1.362429,0.1668205,1.078858,1.273666,380.58,671.145,llamafile_llama3
1724273589,903373,Agent1,1.868013,0.1658058,1.252909,1.447491,344.694,888.888,llamafile_llama3
1724273612,256298,Agent1,2.923492,0.1556282,1.472359,1.641838,373.73,1094.637,llamafile_llama3
1724273623,369756,Agent1,1.476891,0.1728401,1.409512,1.610611,467.457,927.263,llamafile_llama3
1724273638,978993,Agent1,2.095703,0.1391525,2.196449,2.363174,710.388,1476.737,llamafile_llama3
1724273662,862292,Agent1,3.230881,0.1932144,1.4496,1.670219,482.352,954.402,llamafile_llama3
1724273713,935347,Agent2,1.337204,0.1545563,2.810745,2.978729,489.678,2314.213,llamafile_llama3
1724273732,147726,Agent2,1.447998,0.1543579,2.505646,2.673782,618.833,1878.579,llamafile_llama3
1724273763,651599,Agent2,3.426346,0.161972,3.664429,3.840088,1084.946,2563.813,llamafile_llama3
1724273801,62169,Agent2,3.312683,0.168869,3.562988,3.74556,966.712,2580.794,llamafile_llama3
1724273834,16491,Agent2,2.645477,0.1534424,1.558838,1.726593,421.999,1121.4,llamafile_llama3
1724273853,967978,Agent2,2.270172,0.1312866,3.056458,3.201996,838.687,2207.451,llamafile_llama3
1724273878,682994,Agent2,3.394135,0.175293,2.329926,2.518982,485.578,1829.251,llamafile_llama3
1724273927,102731,Agent3,2.438629,0.1417847,1.473572,1.629028,561.082,904.905,llamafile_llama3
1724273951,825342,Agent3,4.122284,0.1638489,1.633026,1.810028,783.498,836.609,llamafile_llama3
1724273983,121956,Agent3,5.000885,0.1590576,3.599701,3.772125,2000.753,1591.028,llamafile_llama3
1724274054,895415,Agent3,3.036926,0.1673584,2.452026,2.631592,1338.027,1104.652,llamafile_llama3
1724274102,950111,Agent3,2.535339,0.1480713,1.495056,1.657349,646.265,834.35,llamafile_llama3
1724274126,997940,Agent3,4.818237,0.1815796,1.935364,2.129395,933.766,993.761,llamafile_llama3
1724274153,719041,Agent3,2.018555,0.1378174,1.012817,1.164734,329.594,678.893,llamafile_llama3
1724283564,278154,Agent1,1.046646,0.1679077,1.070999,1.253723,393.901,671.701,llamafile_llama3
1724283575,969598,Agent1,1.042587,0.1264343,1.630081,1.770538,521.547,1096.762,llamafile_llama3
1724283648,323416,Agent3,1.224762,0.1408539,1.098984,1.254364,381.446,701.77,llamafile_llama3
1724283689,308447,Agent1,5.540131,0.1832275,1.612854,1.810211,479.759,1117.685,llamafile_llama3
1724283704,600255,Agent1,1.142303,0.1266174,1.447083,1.588043,458.611,972.506,llamafile_llama3
1724298009,330406,Agent1,1.725718,0.1464157,0.9632854,1.120646,253.158,701.571,llamafile_llama3
1724298031,428484,Agent1,2.781467,0.1476212,0.971817,1.130032,266.884,697.225,llamafile_llama3
1724298059,785949,Agent1,3.536346,0.1488953,1.182739,1.341583,446.648,731.082,llamafile_llama3
1724298090,458186,Agent1,4.213432,0.1635132,1.116287,1.28891,423.038,687.51,llamafile_llama3
1724298111,684226,Agent1,2.559387,0.1483307,1.02063,1.178619,342.706,671.627,llamafile_llama3
1724298166,215632,Agent3,1.383514,0.1751862,1.459213,1.652023,376.473,1077.083,llamafile_llama3
1724298186,934433,Agent3,3.855255,0.1515503,1.789047,1.950638,519.857,1264.042,llamafile_llama3
1724299135,850506,Agent1,1.329277,0.2283249,1.114394,1.353486,351.686,755.515,llamafile_llama3
1724299152,757434,Agent1,1.023664,0.1934853,1.074562,1.278332,366.863,703.352,llamafile_llama3
1724299220,846038,Agent1,1.10009,0.259676,1.03313,1.304072,302.796,723.45,llamafile_llama3
1724299273,247535,Agent1,1.547719,0.2113261,1.109621,1.330763,361.181,742.405,llamafile_llama3
1724299288,419580,Agent1,1.692343,0.2066994,1.0438,1.260059,362.005,676.332,llamafile_llama3
1724299303,886760,Agent1,2.556015,0.1257954,1.161537,1.296576,421.973,733.099,llamafile_llama3
1724299605,628753,Agent1,1.259053,0.15376,1.089905,1.334295,327.379,755.687,llamafile_llama3
1724299618,289302,Agent1,2.359528,0.1166134,0.9856453,1.11179,261.082,720.819,llamafile_llama3
1724299632,168953,Agent1,1.365471,0.1138,0.9678192,1.089447,300.705,661.74,llamafile_llama3
1724299910,678269,Agent1,0.9763708,0.1529827,0.9975533,1.159999,292.073,700.908,llamafile_llama3
1724299928,137721,Agent1,6.92679,0.1732845,1.088675,1.2698,382.606,701.009,llamafile_llama3
1724299946,794654,Agent1,2.538597,0.1297989,1.10199,1.243454,413.414,683.65,llamafile_llama3
1724300270,850136,Agent1,3.521256,0.1952157,1.220448,1.428435,484.289,730.41,llamafile_llama3
1724300292,91623,Agent1,5.044554,0.1492863,1.137339,1.296593,460.341,673.548,llamafile_llama3
1724300310,857351,Agent1,2.555935,0.1289978,1.211765,1.349827,520.097,687.389,llamafile_llama3
1724300331,383833,Agent1,1.361832,0.1695633,1.055466,1.234604,349.875,700.258,llamafile_llama3
1724300350,963415,Agent1,1.677879,0.1291122,1.166954,1.305611,482.963,678.822,llamafile_llama3
1724300546,806933,Agent2,2.458811,0.1548872,0.9429626,1.107976,261.175,677.839,llamafile_llama3
1724300566,55519,Agent2,3.676592,0.2120552,1.275906,1.495731,532.752,738.503,llamafile_llama3
1724300588,345903,Agent2,3.046276,0.1929207,1.306004,1.508209,557.561,744.167,llamafile_llama3
1724300621,116598,Agent3,4.007034,0.1604919,1.682594,1.850983,350.244,1329.065,llamafile_llama3
1724300639,967745,Agent3,3.108505,0.1594849,1.887184,2.055367,604.101,1277.718,llamafile_llama3
1724300669,433587,Agent3,4.449478,0.1487885,2.00351,2.161865,617.553,1381.66,llamafile_llama3
1724300745,184472,Agent3,3.377945,0.219574,1.258575,1.485626,394.035,861.057,llamafile_llama3
